,name
611,SupaFugDup
612,bulbmin66
613,harrisjb78
614,ShahanshahShami
615,ijustwantanapple
616,Soft-Gwen
617,mrbobbuilder
618,Tinfist_
619,MrYums23
620,goddzilla24
621,Leaf-Currency
622,syryquil
623,xzilinov
624,vaccuumrolls
625,verbae
626,sym_bian
627,voiceofthemillenium
628,iamanormalhuman-
629,istartedthewar
630,fenbekus
631,dragon_cat_
632,SJWcucksoyboy
633,senor_flojo
634,solartice
635,palmul
636,Splotzker
637,stealingyohentai
638,eswtf
639,shawn_666
640,DemocraticPoisonPill
641,heckthepolis
642,yeetemeister
643,fleudian
644,jointsystem
645,pdoge03
646,edwardinator
647,inconvenience_store
648,erroneousveritas
649,The-Real-Darklander
650,giggly_nigly
651,frixxed
652,1s2_2s2_2p6_3s1
653,TheGoldenChampion
654,necroreefer
655,japanesestudentharu
656,grasswalker
657,soodedoisegoowow
658,lt_dan13
659,SaltandCopy
660,existzence
661,zoidbergworshipper
662,yoursupremeleaderr
663,bilbo20003
664,jackweeez
665,666peacekeepagirl
666,WrenAndPeter
667,theredwoodcurtain
668,iknoweverydigitofpi
669,aesthetic_laker_fan
670,mrnoobomnenie
671,_b0b4_f3tt_
672,festiveslaad
673,rear4ssault
674,SineWavess
675,MaximumClorox
676,hrzgoose
677,yeeght
678,pinkkchampagne
