,Unnamed: 0,name,quadrant
0,1,n0lifeismylife,4
1,2,urwelcome4yerfreedom,4
2,3,Get_Out69,8
3,4,hemamemes,6
4,5,PolCompBot,9
5,6,pritvateaccount,6
6,7,ZhenDeRen,9
7,8,lightupduckmustache,5
8,9,monkeysoundshd,6
9,10,ahumanbeingpi,6
10,11,JinxedCoke,6
11,12,therealbrummy,6
12,13,gargle-greg,2
13,14,ferjurx,1
14,15,salty_speedster,1
15,16,ooh-ahh-,1
16,17,FloydianPropulsion,6
17,18,misoriyu,2
18,19,bardfinn,6
19,20,WheeeeeThePeople,3
20,21,thearst0tzkan,6
21,22,mikhailg0rbachev,9
22,23,theretp2016,6
23,24,bukanir,6
24,25,flashmode1,3
25,26,imaheteromale,3
26,27,dan_from_japan,1
27,28,leninsrighttoe,2
28,29,pharmaduke,6
29,30,bankstax,1
30,31,Borkerman,3
31,32,icefergs54,9
32,33,Thotslayer4727,3
33,34,effectivepineapple2,5
34,35,mooneylupin,6
35,36,official_cyprusball,5
36,37,migeul55,5
37,38,Official_Cyprusball,5
38,39,gate_guardian,5
39,40,zaxldaisy,2
40,41,gloriucontentyt2,9
41,42,GloriuContentYT2,5
42,43,PurpByThePound,9
43,44,JonWood007,6
44,45,One_Baker,6
45,46,userleansbot,7
46,47,Reulorics,8
47,48,CoralinaAssReaper,4
48,49,foeyguy,4
49,50,ssccoottttyy,6
50,51,second_to_fun,6
51,52,sothisisabadusername,3
52,53,ComaziLiberaltarian,9
53,54,comradez42,6
54,55,ayenotes,9
55,56,dark_enlighted,5
56,57,Chopersky4codyslab,5
57,58,dudewzap,9
58,59,Soft-Gwen,6
59,60,daddy_owo,6
60,61,9_speeds,4
61,62,pinkamena_r_d_pie,6
62,63,incominghabanero57,6
63,64,julibug1,2
64,65,totallynotabot756,9
65,66,finnbarrr,6
66,67,alekstoo,6
67,68,Ayenotes,9
68,69,GeneralKenobiJSF,3
69,70,generalkenobijsf,3
70,71,peerkegerard,9
71,72,0284hfabwui498028,6
72,73,verbae,3
73,74,N7Batman,7
74,75,OccasionalBassist,6
75,76,mysticping,1
76,77,fishcat076,6
77,78,adriano_gunny,4
78,79,diablopabloxd,6
79,80,laskeo,1
80,81,rullino,6
81,82,mewtwostrainer,6
82,83,boopster590,6
83,84,lordmegatron01,3
84,85,firewomble,3
85,86,TheMightyJ225,6
86,87,cpuchy12,4
87,88,laidbackeconomist,5
88,89,Mortimier,4
89,90,chorroxking,6
90,91,iknoweverydigitofpi,6
91,92,coletr11,3
92,93,conmattang,9
93,94,nocreative-username,3
94,95,tiggertom66,4
95,96,ficagamer11,5
96,97,fionaappleswhore,6
97,98,GuyTallman,9
98,99,taxfreenukes,4
99,100,ShahanshahShami,6
100,101,thesnailgetsbetter2,6
101,102,Alkiaris,6
102,103,memewatcher3,4
103,104,_scammin_,6
104,105,rimacutem,9
105,106,kimiko2,6
106,107,prodmorii,4
107,108,You_Done_Failed_It,6
108,109,Doomguy46_,2
109,110,ImAbash,6
110,111,kittygurlz,6
111,112,aesthetic_laker_fan,3
112,113,SevenBall,2
113,114,Sir_Llama_III,5
114,115,ELNP,3
115,116,WrenAndPeter,3
116,117,the_sickodome,5
117,118,lolo0708,6
118,119,justamobileuserhere,9
119,120,jerven1,6
120,121,dragon472ftw,3
121,122,forthekarp,6
122,123,posiedonpwns,5
123,124,sa1gh,3
124,125,Im_Jeff0,5
125,126,CaracolLP,2
126,127,DatBorizTho,2
127,128,true-fanLLL,9
128,129,Pontlfication,6
129,130,lulzspacekat,6
130,131,BlueSpottedDickhead,6
131,132,xingangsurfer,4
132,133,ninetales53,6
133,134,nwordcountbot,6
134,135,ianbuckjames,6
135,136,servanious,6
136,137,subnaut27,6
137,138,solartice,6
138,139,parksbrit,9
139,140,nysalitanigrei,6
140,141,rogriloomanero,4
141,142,sizzleboi1,4
142,143,theoneandonly06,2
143,144,mic_wazuki,3
144,145,memermanbot-100,9
145,146,memerman-bot,9
146,147,finn_3000,6
147,148,wutamievendoing,6
148,149,darksidesith201,9
149,150,eugaliptas,1
150,151,_alternate_ending_,4
151,152,redditor652,6
152,153,drillthethirdhole,6
153,154,sontagwrong,3
154,155,fjeden_alta,6
155,156,fun-dan,6
156,157,rob_1089,3
157,158,grammarbot-mobile,6
158,159,deathtoheretics,6
159,160,-jute-,9
160,161,privilegedbastard,6
161,162,velocister,5
162,163,slypoopbandit,6
163,164,drnoided,7
164,165,blue7119,8
165,166,Delini,6
166,167,dasnap,2
167,168,pkflashomega,6
168,169,forced_memes,6
169,170,teejaydawg,2
170,171,ezzxx,6
171,172,nlggaballs666,3
172,173,fred11551,6
173,174,shawn_1512,6
174,175,heckthepolis,3
175,176,no_touching__lol,6
176,177,morbid42,4
177,178,jeanthedragon,3
178,179,art8mmm,6
179,180,pluto258,4
180,181,stonccpad-3b,6
181,182,matphones,3
182,183,subjectkitchen,2
183,184,iwanttodiewhodoesnt,6
184,185,chosenone-,8
185,186,mrstupid_phd,6
186,187,leyton7775,6
187,188,acaellum,9
188,189,crazypotatotheiii,6
189,190,fun_builder,6
190,191,redditorclo,4
191,192,vaccuumrolls,3
192,193,tngtf2,6
193,194,xxpieistastyxx,6
194,195,hackedagaindamnit,6
195,196,eibsirf,4
196,197,halykan,4
197,198,ijailr,6
198,199,teainus,6
199,200,badsymmetry,6
200,201,deltervees,4
201,202,_myridan_,6
202,203,michael_huntington,3
203,204,n0name010,4
204,205,d9ucjc,9
205,206,papastump90,3
206,207,catinafancysuit,6
207,208,kelselui,6
208,209,the_demon_gamer,5
209,210,charliethesecco,9
210,211,vacuumrolls,6
211,212,tsuki_no_mai,6
212,213,statlerbyrd,6
213,214,blakemolthan,6
214,215,pantry_inspector,6
215,216,thehighesthobo,6
216,217,jonny-marx,1
217,218,dunk_may_mays,6
218,219,clonearmy5,6
219,220,notapoliticalaccount,9
220,221,wycostudiosyt,6
221,222,TitanOfGamingYT,5
222,223,pdoge03,9
223,224,yeas76,6
224,225,notagiantdolphin,5
225,226,alohasnackbarhabibi,6
226,227,grymrir,6
227,228,giggly_nigly,6
228,229,atebeanswatchingcars,6
229,230,nemo_sum,9
230,231,blizzzzz,5
231,232,faguzzi,5
232,233,snaykerino,3
233,234,scottishtorment,6
234,235,pizzaslayer111,9
235,236,slowjay11,2
236,237,thatsocialistdm,2
237,238,1tardis2rulethemall,5
238,239,wabez,6
239,240,Azi_Minsky,5
240,241,spacepanther17,6
241,242,ExpendableToMe,2
242,243,ijustwantanapple,3
243,244,danishrobloxgamer,6
244,245,quartia,6
245,246,mirrorkatfeces,9
246,247,hatter_the_mad,5
247,248,bshafs,9
248,249,leadbaptist,6
249,250,kirbywarrior12,2
250,251,bussyblastbismallah,6
251,252,spartacuz9er9er,6
252,253,big_dan69,5
253,254,spez,2
254,255,dimitrieyonovich,6
255,256,guisuper2,4
256,257,dameanmugs,6
257,258,candrewk,4
258,259,get-tilted,4
259,260,bulbmin66,3
260,261,aakravea,6
261,262,dontdomarmalade,2
262,263,kiiasert,9
263,264,merchant74,6
264,265,kirasandwich,6
265,266,samrojas69,4
266,267,hawaiian_shirt12,6
267,268,dottiestzulu987,6
268,269,fatmanhasarisen,2
269,270,bigstr0keyn0nce,3
270,271,itsexosolaris,5
271,272,dlmj816,6
272,273,zzsbzz,6
273,274,neatlyscotched,7
274,275,hexthesquare,3
275,276,mcakkeezz,6
276,277,_Downwinds_,6
277,278,furryrepublican,9
278,279,mr_wrong_think,3
279,280,bigfatgamernuts,5
280,281,undeadman141,9
281,282,mrmetalfreak94,6
282,283,dmikulic,6
283,284,tunkkisoffinland,4
284,285,glazedhamriot,6
285,286,cerealmemer,6
286,287,crillemega,5
287,288,thehazardball,6
288,289,jesuschristismynlgga,6
289,290,chippyreddit,6
290,291,noqturn,6
291,292,navar4477,6
292,293,ibillu,6
293,294,cripyon,6
294,295,aro2005,9
295,296,callouscoroner,6
296,297,unclemoustache,9
297,298,applecorc,6
298,299,cameron653,6
299,300,shortyman93,6
300,301,krums2211,9
301,302,stellebest,6
302,303,darmatero,6
303,304,-fancyusername-,2
304,305,poliscimjr,6
305,306,lordofchortles,9
306,307,mountieredflash,9
307,308,ironmanmark20,6
308,309,s_pyth,6
309,310,begna112,6
310,311,goddzilla24,7
311,312,bubblesthebubble,6
312,313,murdrad,4
313,314,japanesestudentharu,6
314,315,cauchemar89,8
315,316,pm_1742,6
316,317,qwesrst,6
317,318,frixxed,2
318,319,klangmat,4
319,320,naked_short,9
320,321,pyrio666,6
321,322,inversalis,9
322,323,norse_angel,1
323,324,oprahspinfree,6
324,325,sciwins,2
325,326,vaporwave02,4
326,327,teiyoh,6
327,328,redly_dead,5
328,329,draconiandebate,3
329,330,kids_in_my_basement0,6
330,331,jaggelz,6
331,332,yaotzin1000,6
332,333,the1987redfox,6
333,334,nvlzh19,6
334,335,derrommelndeerwin,6
335,336,_norwegian_wood,1
336,337,k33m_5t4r,3
337,338,scoobifucka,9
338,339,coorleak,3
339,340,r1verrr,6
340,341,spudzzy03,9
341,342,relevant-solution,9
342,343,michael_mayhem0,3
343,344,queenrowana,3
344,345,yuhyuh_yuhyuh,6
345,346,trotoson,6
346,347,bromacusii,6
347,348,awesomedinos1,5
348,349,leosamangos,4
349,350,michaelmayhem0,2
350,351,grasswalker,2
351,352,sea_of_blue,6
352,353,itcud,9
353,354,mappleyard,3
354,355,noiceminecraft69420,6
355,356,awooku,6
356,357,ae8_bos,6
357,358,lpflore,1
358,359,sinsmi,6
359,360,soerenantoineblume,6
360,361,the_mosthated,6
361,362,cancerplague_doctor,5
362,363,magiccooki3,4
363,364,notelonmusk949,8
364,365,hornycassowary,6
365,366,panragon,9
366,367,darkvadek,2
367,368,jesta23,9
368,369,the-anywhere-man,9
369,370,gobbyboss,6
370,371,romainvicta2206,8
371,372,epilepsygang,6
372,373,thugmuffin22,6
373,374,allenson3512,6
374,375,vlosh,6
375,376,mit9975,6
376,377,anus-reeves,6
377,378,profk3nob1,6
378,379,omgitscarl,9
379,380,sym_bian,4
380,381,randolpholmstead,6
381,382,loliver_,6
382,383,gooblaka1995,6
383,384,themadpyro,6
384,385,dudeface34,6
385,386,justmysecondaccount8,2
386,387,tacoofcum,6
387,388,groenboys,6
388,389,kev231998,6
389,390,EktarPross,6
390,391,nebulaotf,6
391,392,orangemars2000,6
392,393,semi-time7,4
393,394,communistcthulhu,6
394,395,sammykaiser,5
395,396,rasedro,6
396,397,2223242526,6
397,398,jakeriley23,6
398,399,krzd,6
399,400,len3nel,6
400,401,anglogang,5
401,402,mateito02,6
402,403,brosilllybro,6
403,404,djt159,3
404,405,dantheman4248,6
405,406,masterofbinary,6
406,407,sabatonsungwrong,3
407,408,e_l_i_s_e,2
408,409,deathinthemine,2
409,410,hipsthenerd,6
410,411,d3ds1r-reboot,9
411,412,ihatemakingnames,3
412,413,razgriztp,6
413,414,kjvw,6
414,415,champion_luck,2
415,416,aure__entuluva,6
416,417,lemoncholly,6
417,418,legosharkdan,4
418,419,zoingo,6
419,420,thorg9,4
420,421,thomastechguy,6
421,422,macaneney,6
422,423,thegamingvaccnt,6
423,424,phanpy100,9
424,425,urban-bang,3
425,426,chrussell,6
426,427,kidoido,6
427,428,bernie-sanders,6
428,429,steamtrainboi,5
429,430,passablyignorant,6
430,431,nibiyabi,6
431,432,kingofglitter,6
432,433,gallowboob,6
433,434,skyhrim,5
434,435,lmaowuttw,9
435,436,michaelboughen,2
436,437,unluckyparadox,9
437,438,1s2_2s2_2p6_3s1,4
438,439,jithomp,6
439,440,omeronduri,5
440,441,genericshitusername,6
441,442,_-covid-19-_,6
442,443,darth_ronin,6
443,444,plasmaburnz,3
444,445,slim_just_left_town,9
445,446,mathmatically-untrue,6
446,447,l0l303,6
447,448,DuhSude,9
448,449,boxfromhomedepot,5
449,450,intertropical,1
450,451,Galle_,6
451,452,4tunecooky_,6
452,453,darkescaflowne,9
453,454,ragingcleric,9
454,455,themempotato,6
455,456,honeybadgermt,4
456,457,intingpenguin,6
457,458,tpcobra,4
458,459,mrbobbuilder,3
459,460,geekyaviator,6
460,461,setmyclocksearly,2
461,462,endim8,6
462,463,idontevenknowyimhere,6
463,464,betoorourke,6
464,465,croakertheliberator,6
465,466,wasteofaname42069,6
466,467,commissionertadpole,2
467,468,soodedoisegoowow,2
468,469,SAMAS_zero,6
469,470,isthisfunnytoyou,6
470,471,juanjo356,1
471,472,supercelt90,3
472,473,showmeanus,3
473,474,thelambda89,6
474,475,clownonabike,2
475,476,turdcrapily,3
476,477,lil_mozart,6
477,478,ActuallySankara,6
478,479,aperture_client,9
479,480,NPCBOT0036377,6
480,481,elfhentai,6
481,482,crownsloth,6
482,483,Channelception,1
483,484,Xx_JUAN_TACO_xX,6
484,485,areq13,6
485,486,lyamc,9
486,487,WeakMenBadTimes,3
487,488,hahAAsuo,4
488,489,huut900,6
489,490,arahad2,9
490,491,constantin098,6
491,492,roxxagon,6
492,493,unnappreciatedagent,6
493,494,theredtide935,3
494,495,slouchingtoelysium,4
495,496,thousandbucksamonth,9
496,497,iamyghj,6
497,498,Balkanisagod,3
498,499,NSAMWP,6
499,500,Irisu-chan,2
500,501,seattlebrand,6
501,502,klitzysole9-1,4
502,503,coralinaassreaper,4
503,504,tarka_d0_sera,3
504,505,jezzaj101,6
505,506,scifiburrito,7
506,507,kingdomofnewderpia,2
507,508,wafflenurple,6
508,509,contagiousdeathguard,2
509,510,3x0karibu,6
510,511,senor_flojo,5
511,512,ch33zyman,6
512,513,3-20_Characters83,6
513,514,Billsmafia6912,6
514,515,marxomania32,6
515,516,mikewillterminate,4
516,517,not-a-maarite,2
517,518,Read_Limonov,6
518,519,vengefulgrass,6
519,520,hithisreddit,2
520,521,dmarti11,6
521,522,joemac222,6
522,523,LLHati,3
523,524,llhati,3
524,525,Leaf-Currency,6
525,526,Wolf3500,3
526,527,bat_cat_with_a_hat,6
527,528,blackburn009,6
528,529,istartedthewar,3
529,530,angelbudgie,2
530,531,birb_from_botd,8
531,532,8bitbruh,6
532,533,jawminator,9
533,534,massivemd,3
534,535,epicalbeb,2
535,536,acreativename-,2
536,537,zander345,6
537,538,LongWhiteBoi,9
538,539,mrpopanz,9
539,540,ajaxhero77,3
540,541,lastplace199,5
541,542,finalattack123,9
542,543,successful_nothing,6
543,544,oursistherepost,6
544,545,blackcatfoxrabbit,2
545,546,grandoz039,5
546,547,sirjohnbob,3
547,548,karlofsweden,7
548,549,volatilepyrovile,6
549,550,designer_dog,5
550,551,oldcarfreddy,6
551,552,nordr,1
552,553,pj4242,6
553,554,MinorBrainDamageYT,6
554,555,gb1266,6
555,556,daddybreadloaf,9
556,557,ryrythe3rd,4
557,558,Guilleon,3
558,559,gen_z_boi_69,6
559,560,thebest_day2030,9
560,561,hildkiin,2
561,562,Metalloid_Space,6
562,563,evytheredditor,6
563,564,tixpix26gottaken,6
564,565,joppafallston,6
565,566,Ramah-s92,5
566,567,dr-jellybaby,1
567,568,augie279,2
568,569,rightm,3
569,570,donedealofdeadpool,6
570,571,festiveslaad,4
571,572,nationalist_moose,3
572,573,notsp1nner,6
573,574,primalcookie,3
574,575,doggohunter111,6
575,576,dodlec,4
576,577,cantwakeupjpg,6
577,578,ucantharmagoodwoman,6
578,579,maxpaximus,6
579,580,big-chief-rapto,6
580,581,hypernova20,5
581,582,shaun_brender,4
582,583,yeahitsamber,4
583,584,memeinator123,2
584,585,yeetusmypeenus,6
585,586,seanrm92,6
586,587,-themastersoldier-,4
587,588,GARLICSALT45,4
588,589,laid-back-lesbian,6
589,590,ipooplegos,6
590,591,sali_bean,3
591,592,chrrmin,1
592,593,bdinho10,9
593,594,samkz3,4
594,595,tjf314,6
595,596,strumyabird,6
596,597,jb-from-atl,6
597,598,protocoljustice,6
598,599,benevolent_io,4
599,600,thewildwilli,6
600,601,zekkaos,3
601,602,umar_johor,5
602,603,LimitedHangout69,6
603,604,eatcake9,6
604,605,DogmaticPragmatism,9
605,606,swiftestcat,4
606,607,hskrpwr,6
607,608,Pyll,9
608,609,kieranluke626,2
609,610,franklinfuckinmint,4
610,611,karnave,3
611,612,tehwarriorjr,4
612,613,TehWarriorJr,4
613,614,capn_max,6
614,615,grizuhly,6
615,616,325gerbils,9
616,617,malicioushippie,9
617,618,edwardinator,6
618,619,der_sanitator,3
619,620,jayrad333,3
620,621,wwhandsome,8
621,622,freedomkomisarhowze,6
622,623,ericph9,6
623,624,zonkrt,4
624,625,theijssel2,6
625,626,tipobajito,3
626,627,CityFan4,5
627,628,palmul,1
628,629,_pooba,6
629,630,mikikim1,6
630,631,v3llama,5
631,632,Totally-A-Dragon,9
632,633,unholybastert,6
633,634,BL3Alt,6
634,635,explosive_cake,6
635,636,smanebane,9
636,637,the_horse_gamer,6
637,638,flyingpigs12,3
638,639,zee220,3
639,640,the_spacecadet_,6
640,641,mental1ty,6
641,642,pootabo,3
642,643,paralixis,2
643,644,thisisaplate,3
644,645,literallyjohnhoward,6
645,646,twujstary8,6
646,647,kch-gaming,6
647,648,saved-by-the-fridge,6
648,649,talesfromachad,8
649,650,imperialarchangel,6
650,651,atticus3335,7
651,652,enderdurant,6
652,653,tenerific,4
653,654,nonironicusername,6
654,655,swad42,5
655,656,Splotzker,3
656,657,Nomekop777,3
657,658,JaxMedoka,9
658,659,cmhng,4
659,660,i__like__nuggets,6
660,661,bl3alt,6
661,662,doesntgetwhatironyis,6
662,663,zymos94,9
663,664,Rhino2115,5
664,665,FukinSukinCukin,3
665,666,wrench-breaker,6
666,667,cityfan4,5
667,668,Lunatcharsky,1
668,669,PUSSYDESTROYER-9000,6
669,670,tydaguy,6
670,671,ninohero,6
671,672,PogoTheDeathClown,6
672,673,yeeght,5
673,674,rennerbeast,6
674,675,miclowgunman,6
675,676,PrettyPinkPansi,6
676,677,yeetemeister,4
677,678,31m0,4
678,679,master11739,3
679,680,hrzgoose,3
680,681,mrdude05,6
681,682,coffeebribesaccepted,6
682,683,SavageMarlin,4
683,684,spoofedd,1
684,685,A_Becker,6
685,686,Prcrstntr,3
686,687,sephstorm,6
687,688,Pizza_Lord_Jas,5
688,689,muricaball76,6
689,690,generickangaroo,6
690,691,tynox01,9
691,692,maddsreddit,6
692,693,expendabletome,2
693,694,kekinmemes,9
694,695,pap113,9
695,696,vantokoljo-789,6
696,697,IPotatoLord,6
697,698,metapyro,6
698,699,procurethereceptacle,6
699,700,specialbobcat,6
700,701,MrYums23,5
701,702,bigwheels80,5
702,703,readsstuff,2
703,704,darthcthulhuthewise,6
704,705,TheHairofSlytherin,2
705,706,MetaPyro,6
706,707,hij802,6
707,708,gondukem1,6
708,709,gavin19,3
709,710,Cuddlyaxe,9
710,711,ephebobot,6
711,712,purpsthedragon,5
712,713,theironbank,1
713,714,nicolasname,6
714,715,shocking,1
715,716,bubblesinmoonlight,6
716,717,froz3nw4ffl3s,6
717,718,FirefighterI,5
718,719,thebigmassive,3
719,720,SineWavess,3
720,721,syryquil,6
721,722,dremopaff,5
722,723,onnion,4
723,724,datatagmc,6
724,725,dpurp4,6
725,726,DPurp4,6
726,727,mcomghall,2
727,728,Zaru_Starru,2
728,729,Randomxenomorph,1
729,730,gakrolin,6
730,731,MrRandomSuperhero,6
731,732,CEO_of_Fascism,6
732,733,AmberBake1025,2
733,734,LegendGamer320,6
734,735,ayyo_kato,6
735,736,sittes,9
736,737,PrimaxAUS,5
737,738,aartbabe69,6
738,739,windycity63,6
739,740,euromynous,6
740,741,must_consume_bacon,6
741,742,BanteredRho,5
742,743,bchevy,6
743,744,basketfullofcrackers,2
744,745,Camyx-kun,6
745,746,wrdrappo,6
746,747,vursah_irl,5
747,748,depliko,4
748,749,dePliko,4
749,750,str8_0uttarehab,4
750,751,b0geyb0gey,9
751,752,anakin_i_am_high,1
752,753,blueninja42,6
753,754,gotmeduckedup,5
754,755,illum503,6
755,756,hailcoltrane,6
756,757,trouxso,3
757,758,noideawhatoput2,8
758,759,tovarishspb,1
759,760,wasdlmb,1
760,761,gemini2846,5
761,762,dustysbro,5
762,763,blex_apachiii,5
763,764,shadowblaze---,6
764,765,doubty-doggo,6
765,766,rolltighroll,9
766,767,isntgonnasuckitself,2
767,768,rear4ssault,6
768,769,lordthat100188,8
769,770,thedunceonmaster,5
770,771,bilbo20003,3
771,772,rdococ,6
772,773,professoruzzituzii,6
773,774,mlg_dog420,6
774,775,richard-roe1999,6
775,776,v01d16,2
776,777,silhelmus,6
777,778,iwaterbuffalo,3
778,779,trixofthetrade,9
779,780,im_sorry_wtf,9
780,781,alterexolol,2
781,782,farahad,6
782,783,i-upvote-truth,6
783,784,cumpassmemes,5
784,785,Thebestusernamedhu,9
785,786,elementlhero,6
786,787,KonoDiaboroDaaa,5
787,788,Beanie_Inki,3
788,789,TEMPWILLDELETESOON,6
789,790,citrus_slinger,9
790,791,Ichkommentiere,8
791,792,MaximumClorox,6
792,793,jayp812,6
793,794,fcmetro,6
794,795,pinkpig82,6
795,796,mccancerboi,6
796,797,ripdodgersbandwagon,6
797,798,midelus,1
798,799,aquamarinerock,6
799,800,theredwoodcurtain,6
800,801,wizard_of_woz,9
801,802,pm_me_sexy_napes,6
802,803,memesveryyes,6
803,804,ursidon,6
804,805,cheestake,6
805,806,warpopejr,6
806,807,crosroad,6
807,808,fathersummary,6
808,809,rafadavidc,6
809,810,aeyamar,6
810,811,fleudian,6
811,812,catehooning,6
812,813,stealingyohentai,6
813,814,nullablethought,6
814,815,glazetheartist,6
815,816,sunkcostphallus,9
816,817,jebadiahthehippie,2
817,818,yebito2808,3
818,819,ferrettamer,6
819,820,Tinfist_,2
820,821,LAVATORR,6
821,822,galaxyfrauleinkrista,6
822,823,iridiumtrigger,6
823,824,davey914,6
824,825,FCK12_13,2
825,826,Breadstick4,5
826,827,spiffymcawesome,6
827,828,Y1ff,1
828,829,theabberantone,6
829,830,paladin-arda,2
830,831,jaijoles,6
831,832,themarlinspace,6
832,833,darthbane123,6
833,834,ajax1113,2
834,835,sforastwora,9
835,836,paenusbreth,2
836,837,pm_me_your_titmouses,6
837,838,alotanonsense,6
838,839,killua_eu,6
839,840,mrtightwad,6
840,841,mongladash,6
841,842,leomarius,9
842,843,satiristicwretch,2
843,844,shredmanwill,6
844,845,mrbluecharon,6
845,846,pkmnlives,6
846,847,sixtusclegane119,6
847,848,valdamjong,6
848,849,splizzy29,6
849,850,fevisf,5
850,851,Mashaka,6
851,852,HumerousUsernamePun,1
852,853,properjimmy,3
853,854,Sea_Bee4,6
854,855,runespoon78,6
855,856,AshyAspen,6
856,857,yep123456789,6
857,858,zoidbergworshipper,6
858,859,nikkkkkkkyv,4
859,860,goneoffbacon,6
860,861,funnie_maymayer,2
861,862,slurmpnurmp,6
862,863,hola_ahi,4
863,864,Vaporwave02,4
864,865,mwar76,6
865,866,knightb4,6
866,867,jonorsomesayaegon,6
867,868,necroreefer,6
868,869,alarmedscholar,6
869,870,suicideaintabadthing,6
870,871,wertercatt,6
871,872,comatoseMob,6
872,873,trileon,6
873,874,gbro08,6
874,875,canadianwildwolf,6
875,876,EvilPhd666,6
876,877,thewalmartofpeople,6
877,878,loudasboof,6
878,879,thoughtsandquesti0ns,6
879,880,half_a_carrot,6
880,881,pasta4u,5
881,882,PyroVoyager,6
882,883,SupaFugDup,6
883,884,imsofukenbi,6
884,885,cargunbeer,6
885,886,erroneousveritas,6
886,887,apatheticaxolotl,9
887,888,UNCAWorkers,6
888,889,EQAD18,6
889,890,TallyTom73,6
890,891,chestah_cheater,6
891,892,commandercody95,7
892,893,bulletfreak,2
893,894,thisismyredname,2
894,895,calvin7421,1
895,896,mikepencil69_v2,4
896,897,Spreehox,7
897,898,ashyaspen,9
898,899,mypoliticalaccount_,1
899,900,qbek-san,7
900,901,alt170alt95alt170,6
901,902,mp8_yt,6
902,903,Enoch_was__right,6
903,904,redtoke,6
904,905,bigboi1310,1
905,906,SirQuixano,3
906,907,unlwest,5
907,908,username8888,9
908,909,xpinkfreud,6
909,910,WuhanFlu4U,4
910,911,neivilo,4
911,912,amazingmold46,7
912,913,humboldtianum,2
913,914,crayfishyay,5
914,915,sedatemenow,6
915,916,cultr0,9
916,917,Homemadeduck102,5
917,918,spreehox,7
918,919,johnJanez,3
919,920,poly_meh,4
920,921,e-maz1ng,1
921,922,thecommonpigeon,6
922,923,rammo123,6
923,924,droneofdoom,6
924,925,my_name_is_matt,6
925,926,colonelcapitalism,6
926,927,nordvest_cannabis,6
927,928,calldsmith,6
928,929,-cyberjelly-,2
929,930,idk77777777,6
930,931,bloodbadger18,6
931,932,_alexandermartin,9
932,933,Fforluxembourg,6
933,934,murderelm82,6
934,935,monkey_puzzle_1312,6
935,936,87degreesinphoenix,2
936,937,_downwinds_,1
937,938,threadretributionist,6
938,939,sylva16,3
939,940,funkygirljulia,2
940,941,naynayplaysgame,6
941,942,bjorn_hellgate,6
942,943,SetMyClocksEarly,6
943,944,dragonhunter970,4
944,945,Trombonist12,4
945,946,vtek9000,4
946,947,this_upset_kirby,9
947,948,clone_trooper66,5
948,949,mrnoobomnenie,2
949,950,Megamuffin1986,6
950,951,boonatonnn,6
951,952,Fascinax,6
952,953,Ahumanbeingpi,9
953,954,Newthinker,6
954,955,Slevinkellevra710,6
955,956,beansprout_69,2
956,957,neodestiny,9
957,958,irishladdie,2
958,959,clemens909,2
959,960,tomlangford,6
960,961,fenbekus,2
961,962,raynecloud21,6
962,963,upcomingdaddy,8
963,964,makin-games,6
964,965,the_cute_dragon,6
965,966,itsnine-ball,6
966,967,abstractedman,6
967,968,HeXio05,6
968,969,nikkiiiiiiiiiiiiiii,6
969,970,Justhereforther34,4
970,971,dragaodaalvorada,6
971,972,Shirakawasuna,6
972,973,orksonak,6
973,974,thegoldenchampion,6
974,975,TheGoldenChampion,6
